{
  "camera_matrix": [
    [
      767.9078045963586,
      0.0,
      655.1108449939098
    ],
    [
      0.0,
      764.2686984852102,
      351.14916595013574
    ],
    [
      0.0,
      0.0,
      1.0
    ]
  ],
  "distortion_coeffs": [
    [
      0.16247601055581024,
      -0.3029362529794696,
      -0.0029989367391200614,
      0.0001492841746838448,
      0.20031151819831336
    ]
  ],
  "rotation_vectors": [
    [
      [
        -0.7213162186906329
      ],
      [
        -0.2768552301955103
      ],
      [
        -0.1424085846896027
      ]
    ],
    [
      [
        -0.4029049258808478
      ],
      [
        -0.16316813963982166
      ],
      [
        -0.7528977791910845
      ]
    ],
    [
      [
        0.08636890635684016
      ],
      [
        1.2939252487852577
      ],
      [
        2.510222733460007
      ]
    ],
    [
      [
        -0.07573984924951412
      ],
      [
        0.5492984317151145
      ],
      [
        2.807235277086067
      ]
    ],
    [
      [
        0.09353322949769798
      ],
      [
        1.2963348631825349
      ],
      [
        2.5079280324469906
      ]
    ],
    [
      [
        -0.4089207047502365
      ],
      [
        -0.4044084746925907
      ],
      [
        -1.121691427157038
      ]
    ],
    [
      [
        -0.304482337045888
      ],
      [
        -0.4222634320032426
      ],
      [
        0.43102130084854773
      ]
    ],
    [
      [
        0.013037977110249276
      ],
      [
        0.5389363650532101
      ],
      [
        2.783786406390293
      ]
    ],
    [
      [
        -0.4490101897018278
      ],
      [
        -0.36463987214634386
      ],
      [
        -1.459731306189983
      ]
    ],
    [
      [
        -0.2829905615883481
      ],
      [
        -0.47983565680511714
      ],
      [
        0.39576538650839416
      ]
    ],
    [
      [
        -0.7292959292490444
      ],
      [
        -0.34342629760176124
      ],
      [
        -0.8682055579723098
      ]
    ],
    [
      [
        -0.600584809814257
      ],
      [
        0.5596862042076425
      ],
      [
        1.095278933960303
      ]
    ],
    [
      [
        0.3310962687443095
      ],
      [
        1.0327660336618179
      ],
      [
        2.643210294960719
      ]
    ],
    [
      [
        0.2946605120507711
      ],
      [
        1.3138060632325983
      ],
      [
        2.5807316219447523
      ]
    ],
    [
      [
        -0.2664032238240277
      ],
      [
        -0.4468746698433865
      ],
      [
        0.2528601940360654
      ]
    ],
    [
      [
        0.1837442691931749
      ],
      [
        1.2922438463124317
      ],
      [
        2.5268143163540415
      ]
    ],
    [
      [
        -0.604885816441234
      ],
      [
        -0.5176450644176464
      ],
      [
        -1.0236626187277102
      ]
    ],
    [
      [
        -0.04767089064398149
      ],
      [
        0.5253524041200328
      ],
      [
        2.7834912486133576
      ]
    ],
    [
      [
        -0.4550708742178889
      ],
      [
        -0.3963987619775162
      ],
      [
        -1.1148617702358954
      ]
    ],
    [
      [
        -0.5442723102797182
      ],
      [
        -0.24591289394108706
      ],
      [
        0.292367322617574
      ]
    ]
  ],
  "translation_vectors": [
    [
      [
        -117.06569726835603
      ],
      [
        -72.44586839202418
      ],
      [
        378.65577671220785
      ]
    ],
    [
      [
        -155.80695990100767
      ],
      [
        2.109543624625105
      ],
      [
        360.96479001291
      ]
    ],
    [
      [
        159.12273548951782
      ],
      [
        32.55520107228269
      ],
      [
        369.90788672477316
      ]
    ],
    [
      [
        128.52338853209432
      ],
      [
        97.65559082341366
      ],
      [
        457.9618657498382
      ]
    ],
    [
      [
        157.17405587325246
      ],
      [
        33.180269883366826
      ],
      [
        369.2897024953767
      ]
    ],
    [
      [
        -175.9052638348648
      ],
      [
        -13.36822410054957
      ],
      [
        333.47645018618556
      ]
    ],
    [
      [
        -124.5276968330681
      ],
      [
        -92.23022114563682
      ],
      [
        400.32133660267647
      ]
    ],
    [
      [
        145.2195806532188
      ],
      [
        55.99698687384567
      ],
      [
        433.81942404800736
      ]
    ],
    [
      [
        -183.39184194699385
      ],
      [
        19.61870098281602
      ],
      [
        374.28789244880255
      ]
    ],
    [
      [
        -177.01397473887218
      ],
      [
        -37.794941618665234
      ],
      [
        402.6275913711083
      ]
    ],
    [
      [
        -170.23162048306838
      ],
      [
        35.86026704455989
      ],
      [
        370.0503788403619
      ]
    ],
    [
      [
        7.615085736243765
      ],
      [
        -85.48130585420894
      ],
      [
        551.3799528168547
      ]
    ],
    [
      [
        212.63003195668983
      ],
      [
        -56.52096559689301
      ],
      [
        305.4215298860906
      ]
    ],
    [
      [
        245.07824492344167
      ],
      [
        22.546673836669992
      ],
      [
        342.5063544302719
      ]
    ],
    [
      [
        -170.26972797081572
      ],
      [
        -104.76559508742639
      ],
      [
        343.61160667156594
      ]
    ],
    [
      [
        171.80630425113148
      ],
      [
        24.29823028613648
      ],
      [
        357.17052140042887
      ]
    ],
    [
      [
        -192.38832717257492
      ],
      [
        -46.190051978262304
      ],
      [
        307.9503560659493
      ]
    ],
    [
      [
        129.57309595091394
      ],
      [
        78.49610199116594
      ],
      [
        447.3093558728526
      ]
    ],
    [
      [
        -177.47624236576303
      ],
      [
        48.024462201782924
      ],
      [
        378.9290578483112
      ]
    ],
    [
      [
        -56.9360343171254
      ],
      [
        -41.31376945688396
      ],
      [
        401.1607137121498
      ]
    ]
  ],
  "calibration_date": "2025-07-25T20:57:39.540090",
  "reprojection_error": 0.030745287475909034,
  "image_size": [
    1280,
    720
  ],
  "pattern_size": [
    9,
    6
  ],
  "square_size": 25.0
}