{
  "camera_matrix": [
    [
      764.8701448343585,
      0.0,
      659.4175987586704
    ],
    [
      0.0,
      763.8971920679263,
      355.23219359335445
    ],
    [
      0.0,
      0.0,
      1.0
    ]
  ],
  "distortion_coeffs": [
    [
      0.17234249407607238,
      -0.3059679872567831,
      -0.003069406574670117,
      0.002457085431644968,
      0.18586987927844148
    ]
  ],
  "rotation_vectors": [
    [
      [
        -0.6238424661801009
      ],
      [
        -0.17879374095728243
      ],
      [
        0.9988377615249144
      ]
    ],
    [
      [
        -0.6677582199228669
      ],
      [
        0.30543292154570145
      ],
      [
        1.1883744125437614
      ]
    ],
    [
      [
        -0.30251426244024743
      ],
      [
        -0.8222558821520317
      ],
      [
        2.3261188824727737
      ]
    ],
    [
      [
        -0.34061907988311235
      ],
      [
        0.058419197626240205
      ],
      [
        0.940139203529499
      ]
    ],
    [
      [
        -0.4868921462009671
      ],
      [
        0.023510237755825197
      ],
      [
        -0.16053251370692373
      ]
    ],
    [
      [
        0.430953791339123
      ],
      [
        0.015188394146675542
      ],
      [
        -2.915583440363065
      ]
    ],
    [
      [
        -1.0338376352695842
      ],
      [
        -0.33751172798360424
      ],
      [
        2.724549341750307
      ]
    ],
    [
      [
        -0.3214009057600588
      ],
      [
        0.15704266549561538
      ],
      [
        -0.8440878582979402
      ]
    ],
    [
      [
        -0.6954487282576954
      ],
      [
        0.42395817871249775
      ],
      [
        2.2184438222621172
      ]
    ],
    [
      [
        -1.0217197851444475
      ],
      [
        -0.2590331533585262
      ],
      [
        2.767627087467886
      ]
    ],
    [
      [
        -0.5647915924323631
      ],
      [
        0.7382273864452136
      ],
      [
        1.8366599982414853
      ]
    ],
    [
      [
        0.4418963624553633
      ],
      [
        0.3834871850364032
      ],
      [
        -2.960333248181878
      ]
    ],
    [
      [
        -0.39401099994648237
      ],
      [
        -0.026355214384899767
      ],
      [
        -0.5854481052274922
      ]
    ],
    [
      [
        0.44517467868423366
      ],
      [
        0.41397364858995844
      ],
      [
        -2.824983749381332
      ]
    ],
    [
      [
        -0.7267942389413711
      ],
      [
        0.001593638399509536
      ],
      [
        1.3340544351667072
      ]
    ],
    [
      [
        -0.6830230485193928
      ],
      [
        -0.05964764873786677
      ],
      [
        0.6934946187326887
      ]
    ],
    [
      [
        -0.4363604436317296
      ],
      [
        0.19260515018995605
      ],
      [
        0.7510460958200448
      ]
    ],
    [
      [
        -0.337271683472549
      ],
      [
        -0.33592353139683395
      ],
      [
        0.3504635654851377
      ]
    ],
    [
      [
        0.42906668577266627
      ],
      [
        0.45156622955287423
      ],
      [
        -3.0666238954016416
      ]
    ],
    [
      [
        -0.8019389326419817
      ],
      [
        -0.03955825595413761
      ],
      [
        2.530612355746098
      ]
    ]
  ],
  "translation_vectors": [
    [
      [
        -253.1997168061941
      ],
      [
        -151.77503514141802
      ],
      [
        521.5001751467971
      ]
    ],
    [
      [
        -64.65686826490224
      ],
      [
        -76.2462051914978
      ],
      [
        410.9297021405641
      ]
    ],
    [
      [
        -125.61362827185195
      ],
      [
        -49.643619476302185
      ],
      [
        496.71668944691095
      ]
    ],
    [
      [
        -10.527173255397885
      ],
      [
        -81.61735127619092
      ],
      [
        479.2944049728462
      ]
    ],
    [
      [
        -2.959526660547623
      ],
      [
        -93.11139107918663
      ],
      [
        488.4875817182261
      ]
    ],
    [
      [
        -1.4285262401789947
      ],
      [
        89.80123319141039
      ],
      [
        492.6271302697076
      ]
    ],
    [
      [
        -184.67592673552173
      ],
      [
        -79.84428534395906
      ],
      [
        590.4716390594072
      ]
    ],
    [
      [
        48.079935741409656
      ],
      [
        -79.51439173581849
      ],
      [
        526.4523562636467
      ]
    ],
    [
      [
        -29.059033627200506
      ],
      [
        42.44762336480843
      ],
      [
        500.5722080218295
      ]
    ],
    [
      [
        -173.49412235513924
      ],
      [
        16.647810392027193
      ],
      [
        630.3188364256706
      ]
    ],
    [
      [
        61.94127031392458
      ],
      [
        13.335488323428605
      ],
      [
        365.2995514986308
      ]
    ],
    [
      [
        -143.99788676870577
      ],
      [
        -3.75311962176135
      ],
      [
        491.5185480207224
      ]
    ],
    [
      [
        -37.418495014980884
      ],
      [
        -77.53125202684767
      ],
      [
        523.1412434949323
      ]
    ],
    [
      [
        -143.20642720034408
      ],
      [
        65.97532633836279
      ],
      [
        595.718356787541
      ]
    ],
    [
      [
        -156.0982065104778
      ],
      [
        -63.13405130155908
      ],
      [
        584.0752772788873
      ]
    ],
    [
      [
        -177.4463314577923
      ],
      [
        -109.72885755603002
      ],
      [
        517.3047202687496
      ]
    ],
    [
      [
        -97.75015639048678
      ],
      [
        -99.3448783210284
      ],
      [
        586.0512318242136
      ]
    ],
    [
      [
        -169.01574729688147
      ],
      [
        -19.910894119693566
      ],
      [
        541.2914666647772
      ]
    ],
    [
      [
        -65.75468521936153
      ],
      [
        -10.942207658206899
      ],
      [
        536.1341399938038
      ]
    ],
    [
      [
        -88.11690005196698
      ],
      [
        -38.945507915092534
      ],
      [
        574.4000364688512
      ]
    ]
  ],
  "calibration_date": "2025-07-25T21:21:50.820891",
  "reprojection_error": 0.020726376843433474,
  "image_size": [
    1280,
    720
  ],
  "pattern_size": [
    9,
    6
  ],
  "square_size": 18
}