{
  "start_time": 1753567781.4309669,
  "end_time": 1753567801.8916128,
  "duration_minutes": "60",
  "attention_history": [
    0.8451308977933523,
    0.8541038230937925,
    0.8726834316405353,
    0.8840570342435018,
    0.8126173548681497,
    0.8272357899749864
  ],
  "stress_history": [
    0.19486317477484477,
    0.15292007484310513,
    0.1991688141959887,
    0.1907141559399461,
    0.1557209389792955,
    0.20006651622072757
  ],
  "break_times": [
    1753567786.4409668
  ],
  "robot_triggers": [
    {
      "timestamp": 1753567786.440964,
      "reason": "\u538b\u529b\u8fc7\u9ad8(0.20)",
      "attention": 0.8272357899749864,
      "stress": 0.20006651622072757
    }
  ],
  "statistics": {
    "avg_attention": 0.8493047219357197,
    "avg_stress": 0.18224227915898464,
    "min_attention": 0.8126173548681497,
    "max_stress": 0.20006651622072757,
    "break_count": 1,
    "robot_trigger_count": 1
  }
}