{
  "start_time": 1753567589.0021489,
  "end_time": 1753567607.881909,
  "duration_minutes": "60",
  "attention_history": [
    0.8696849869891363,
    0.8771345869436762,
    0.89171308878359,
    0.8989041085636618,
    0.8825826981702567,
    0.8311092975875322,
    0.8707029255039075,
    0.862897263424634,
    0.8744488035757274
  ],
  "stress_history": [
    0.2317390171822848,
    0.15187930382295003,
    0.16629793429933307,
    0.15796097359284295,
    0.15155085965881013,
    0.20082886204554912,
    0.24839402190631346,
    0.18183194998536492,
    0.2088623656816363
  ],
  "break_times": [
    1753567597.0121
  ],
  "robot_triggers": [
    {
      "timestamp": 1753567597.0120947,
      "reason": "\u538b\u529b\u8fc7\u9ad8(0.21)",
      "attention": 0.8744488035757274,
      "stress": 0.2088623656816363
    }
  ],
  "statistics": {
    "avg_attention": 0.873241973282458,
    "avg_stress": 0.18881614313056497,
    "min_attention": 0.8311092975875322,
    "max_stress": 0.24839402190631346,
    "break_count": 1,
    "robot_trigger_count": 1
  }
}