{
  "start_time": 1753567209.04564,
  "end_time": 1753567245.4395204,
  "duration_minutes": "60",
  "attention_history": [
    0.896532389831982,
    0.8732166153705974,
    0.891858052442944,
    0.8507973735984544,
    0.8799139801038511,
    0.8461875446756554,
    0.8260869256109302
  ],
  "stress_history": [
    0.22896609644992555,
    0.212241537571221,
    0.2181551147030521,
    0.22209218993653257,
    0.23876738207288628,
    0.21951383503609395,
    0.22626919110075316
  ],
  "break_times": [
    1753567215.0539806
  ],
  "robot_triggers": [
    {
      "timestamp": 1753567215.053975,
      "reason": "\u538b\u529b\u8fc7\u9ad8(0.23)",
      "attention": 0.8260869256109302,
      "stress": 0.22626919110075316
    }
  ],
  "statistics": {
    "avg_attention": 0.8663704116620591,
    "avg_stress": 0.22371504955292348,
    "min_attention": 0.8260869256109302,
    "max_stress": 0.23876738207288628,
    "break_count": 1,
    "robot_trigger_count": 1
  }
}