{
  "start_time": 1753562362.4882085,
  "end_time": 1753562410.5516176,
  "duration_minutes": "51",
  "attention_history": [
    0.8109434135537348,
    0.8946128914896528,
    0.8565998128177593,
    0.8386194181769985,
    0.8311816227801325,
    0.8417711357494485,
    0.8779637982234331,
    0.8067082079562382,
    0.8881492635026557,
    0.8461965354838589,
    0.8010784372216748,
    0.8551605468300674,
    0.8086145698068529,
    0.8447145886232474,
    0.8353834336889027,
    0.8250227185381092,
    0.8102646483312683,
    0.8357748864824343,
    0.841006559697162,
    0.8315474939184122,
    0.8001854292454176,
    0.8031923001374591,
    0.8824007593275224,
    0.8536981700773058,
    0.8175288078924151,
    0.8072895161542071,
    0.8485817847231999,
    0.8487064707513732,
    0.821930027621566,
    0.8947279909260943,
    0.8541375564262003,
    0.8824537354408697,
    0.8430255048935068,
    0.8792773357663397,
    0.8402029511139368,
    0.8774559063454968,
    0.8575151919958656,
    0.8102001687185355,
    0.828388939627229,
    0.8183815279165004,
    0.8190975245178842,
    0.839119025790534,
    0.8386507268357082,
    0.8482202147472551,
    0.8796017824597614,
    0.8290070639491598,
    0.8523162260876086,
    0.8227440978184294,
    0.8724933804572885
  ],
  "stress_history": [
    0.18578033714516787,
    0.1842650459664027,
    0.24929651159485333,
    0.15300284951578708,
    0.24841061045107427,
    0.18484653108461702,
    0.17389893795427402,
    0.1669648008864391,
    0.1913882677837455,
    0.18096041729731127,
    0.17183689602585536,
    0.23844410728648244,
    0.17181256756290378,
    0.20995924234082153,
    0.1661583967404182,
    0.22629613008429092,
    0.22291099516829013,
    0.22544421372304824,
    0.2095363247663502,
    0.18039499365166095,
    0.2060281939782883,
    0.15980159055951393,
    0.21257350670774947,
    0.24787384203852408,
    0.1736155272338195,
    0.18093988251235057,
    0.24340457722588757,
    0.17188520542195923,
    0.1632346556436197,
    0.23040638847781064,
    0.1606943232478693,
    0.17284890784005846,
    0.16373163903118243,
    0.2344555894681096,
    0.24393095807583381,
    0.19007860700548002,
    0.24085089578343427,
    0.15957466253881253,
    0.2178332319250115,
    0.17244148239718177,
    0.20863161198741245,
    0.24678713692223306,
    0.2545613629773363,
    0.22870322240943683,
    0.23422741475052966,
    0.18426104171898433,
    0.2056555625876443,
    0.1803005174827083,
    0.22593481781755756
  ],
  "break_times": [],
  "robot_triggers": [],
  "statistics": {
    "avg_attention": 0.8418743694007492,
    "avg_stress": 0.20116070475094155,
    "min_attention": 0.8001854292454176,
    "max_stress": 0.2545613629773363,
    "break_count": 0,
    "robot_trigger_count": 0
  }
}