{
  "start_time": 1753563776.2913947,
  "end_time": 1753563942.0294633,
  "duration_minutes": "60",
  "attention_history": [
    0.8525318961100775,
    0.870367369514015,
    0.8932171889194437,
    0.8022760176243003
  ],
  "stress_history": [
    0.18359412021392654,
    0.18608465417785391,
    0.159239812711985,
    0.22515669875558442
  ],
  "break_times": [
    1753563779.297002
  ],
  "robot_triggers": [
    {
      "timestamp": 1753563779.2969992,
      "reason": "\u6ce8\u610f\u529b\u8fc7\u4f4e(0.80)",
      "attention": 0.8022760176243003,
      "stress": 0.22515669875558442
    }
  ],
  "statistics": {
    "avg_attention": 0.8545981180419591,
    "avg_stress": 0.18851882146483745,
    "min_attention": 0.8022760176243003,
    "max_stress": 0.22515669875558442,
    "break_count": 1,
    "robot_trigger_count": 1
  }
}