{
  "start_time": 1753564786.9092724,
  "end_time": 1753564852.6499474,
  "duration_minutes": "60",
  "attention_history": [
    0.808971382816256,
    0.8803379170573222,
    0.852453640234536,
    0.8006099429800091
  ],
  "stress_history": [
    0.15864826532586607,
    0.2267684941052575,
    0.18471859544387612,
    0.258398962520054
  ],
  "break_times": [
    1753564786.9117503,
    1753564788.728878,
    1753564829.483876
  ],
  "robot_triggers": [
    {
      "timestamp": 1753564786.911749,
      "reason": "\u6ce8\u610f\u529b\u8fc7\u4f4e(0.81)",
      "attention": 0.808971382816256,
      "stress": 0.15864826532586607
    },
    {
      "timestamp": 1753564788.7288756,
      "reason": "\u538b\u529b\u8fc7\u9ad8(0.23)",
      "attention": 0.8803379170573222,
      "stress": 0.2267684941052575
    },
    {
      "timestamp": 1753564829.4838734,
      "reason": "\u6ce8\u610f\u529b\u8fc7\u4f4e(0.80)",
      "attention": 0.8006099429800091,
      "stress": 0.258398962520054
    }
  ],
  "statistics": {
    "avg_attention": 0.8355932207720309,
    "avg_stress": 0.20713357934876342,
    "min_attention": 0.8006099429800091,
    "max_stress": 0.258398962520054,
    "break_count": 3,
    "robot_trigger_count": 3
  }
}